{"eval_pearson": 0.16651365378654454, "eval_spearmanr": 0.15250150354831396}