{"eval_matthews_correlation": 0.027130646295527007, "avg_train_throughput": 930.0791381674402, "avg_eval_throughput": 353778.2119496928, "eval_time": 0, "train_time": 493.43550992012024}