{"eval_accuracy": 0.7132352941176471, "eval_f1": 0.8109854604200325}